,N Most Traded,Momentum
2018-01-01 00:00:00,801.1140393420097,809.5122032854553
2018-01-02 00:00:00,864.1296785892688,821.9615287401789
2018-01-03 00:00:00,919.9484121941136,828.3548693902229
2018-01-04 00:00:00,928.6752406754924,856.4499264119547
2018-01-05 00:00:00,950.4121330727395,847.9213012385666
2018-01-06 00:00:00,1000.6232346474311,842.81777384706
2018-01-07 00:00:00,1021.5453848840604,836.2485975507502
2018-01-08 00:00:00,927.1958608109152,814.9759720784475
2018-01-09 00:00:00,910.8874552630494,829.0444281926735
2018-01-10 00:00:00,900.1664806399858,815.7945878894983
2018-01-11 00:00:00,849.5337481535649,778.1948948783387
2018-01-12 00:00:00,888.5578834395409,786.633191385036
2018-01-13 00:00:00,924.7211049834003,789.7873213544494
2018-01-14 00:00:00,886.5269788747605,772.1002174398155
2018-01-15 00:00:00,853.8185423681992,753.9168572436961
2018-01-16 00:00:00,714.9484752605562,729.5856943823333
2018-01-17 00:00:00,717.1601929878578,729.0320216768287
2018-01-18 00:00:00,761.8872104508664,739.3943790003074
2018-01-19 00:00:00,757.1460246026825,739.7962376278643
2018-01-20 00:00:00,807.1540881468262,755.4084236813311
2018-01-21 00:00:00,739.8775984336984,711.621369229112
2018-01-22 00:00:00,715.0585747879935,705.7362168479929
2018-01-23 00:00:00,707.9227068479989,705.7367726718915
2018-01-24 00:00:00,727.5309411922992,769.4730760798784
2018-01-25 00:00:00,721.594345433747,770.4995431737086
2018-01-26 00:00:00,707.7289866664385,762.5095794697007
2018-01-27 00:00:00,720.1180082021094,755.9340859554329
2018-01-28 00:00:00,773.5432699741249,753.7913151536299
2018-01-29 00:00:00,742.1346805320792,743.2906683507921
2018-01-30 00:00:00,677.0416550807942,721.0260956111971
2018-01-31 00:00:00,686.3210251537062,721.5700999166202
2018-02-01 00:00:00,620.4515248682067,705.4892853167094
2018-02-02 00:00:00,582.3055856741431,702.2634703888825
2018-02-03 00:00:00,624.9803200017163,704.1932356025275
2018-02-04 00:00:00,572.887794005353,696.7082238528436
2018-02-05 00:00:00,499.2830956388971,680.2670414210421
2018-02-06 00:00:00,552.0299602351048,682.149073109046
2018-02-07 00:00:00,533.0094702968362,679.9613391705728
2018-02-08 00:00:00,573.1079844904422,694.4629200551534
2018-02-09 00:00:00,619.3531423502307,709.1684888329007
2018-02-10 00:00:00,623.4132056840338,700.2294106459847
2018-02-11 00:00:00,596.0721491309474,674.8213632753478
2018-02-12 00:00:00,634.9486448201558,680.4687683826515
2018-02-13 00:00:00,619.1012346312604,682.8426867133987
2018-02-14 00:00:00,698.9574152634291,690.4133921639932
2018-02-15 00:00:00,720.0745456177776,693.6650257827818
2018-02-16 00:00:00,723.5610382139529,697.9863206600897
2018-02-17 00:00:00,748.9010288292026,703.8768341083176
2018-02-18 00:00:00,714.3782192445101,699.6948204198235
2018-02-19 00:00:00,733.8345900229077,709.2139936130478
2018-02-20 00:00:00,728.022364303854,686.5075848751934
2018-02-21 00:00:00,689.4920330125177,675.5042744511146
2018-02-22 00:00:00,653.3990253981891,675.8718781824124
2018-02-23 00:00:00,682.4795194939425,699.4699507226381
2018-02-24 00:00:00,666.4457637204284,708.2706051875342
2018-02-25 00:00:00,670.290159833568,691.3674175250559
2018-02-26 00:00:00,686.0073582662122,675.1859930217571
2018-02-27 00:00:00,688.2224844513248,671.8432308356587
2018-02-28 00:00:00,665.2634046522973,641.0006795059761
2018-03-01 00:00:00,683.1787215616168,659.2718208003494
2018-03-02 00:00:00,681.5184101027018,655.6606125999012
2018-03-03 00:00:00,685.1142847796859,663.8428193196054
2018-03-04 00:00:00,703.2574791136183,657.9316096840314
2018-03-05 00:00:00,693.8821913451601,657.2394004298512
2018-03-06 00:00:00,663.769755773457,649.4871095065522
2018-03-07 00:00:00,628.8840530391897,637.5452276680572
2018-03-08 00:00:00,601.1937099891487,634.4574130410489
2018-03-09 00:00:00,614.8402652015793,633.0528857692207
2018-03-10 00:00:00,588.0855520022682,632.463424512599
2018-03-11 00:00:00,616.136629540311,642.2118418123697
2018-03-12 00:00:00,595.6986450193856,634.2621523812345
2018-03-13 00:00:00,590.4097214799261,644.008231785018
2018-03-14 00:00:00,542.7996501125823,626.8665475000231
2018-03-15 00:00:00,544.0779615618967,627.0985395442096
2018-03-16 00:00:00,541.9517188944997,621.5192363517876
2018-03-17 00:00:00,511.7389466035585,608.672087433463
2018-03-18 00:00:00,517.3334895161131,608.3600282329724
2018-03-19 00:00:00,543.4935431859379,613.0812651181784
2018-03-20 00:00:00,547.3864574299378,615.7104610058075
2018-03-21 00:00:00,546.4033596414217,615.1500487947857
2018-03-22 00:00:00,531.2821884197207,613.5307645064134
2018-03-23 00:00:00,531.7387339871756,623.9239813602908
2018-03-24 00:00:00,523.1219425088744,627.4843156904997
2018-03-25 00:00:00,520.0344903589881,618.9336573372992
2018-03-26 00:00:00,496.1745193139843,608.9949606881498
2018-03-27 00:00:00,470.87297792010423,649.7902099269689
2018-03-28 00:00:00,468.52130103842234,636.8471347700587
2018-03-29 00:00:00,423.5927128769921,606.2288124662471
2018-03-30 00:00:00,424.8438610268533,612.5377879084223
2018-03-31 00:00:00,425.451468574399,606.2508583185615
2018-04-01 00:00:00,414.63575040223463,610.8049882253948
2018-04-02 00:00:00,424.6618640748271,617.3114276718212
2018-04-03 00:00:00,456.36710988897215,627.111647918217
2018-04-04 00:00:00,420.95158896084007,609.2526310832874
2018-04-05 00:00:00,420.70176947957634,611.647299327008
2018-04-06 00:00:00,408.06680430601875,612.8587413310099
2018-04-07 00:00:00,418.83901918399135,631.1897222806424
2018-04-08 00:00:00,426.43564207460366,625.1182450601752
2018-04-09 00:00:00,419.60853759150456,629.1775259099659
2018-04-10 00:00:00,423.17751302564955,631.1786153006316
2018-04-11 00:00:00,439.5754186078166,629.1099337475343
2018-04-12 00:00:00,486.3844752569842,643.9682282073211
2018-04-13 00:00:00,485.0803420816517,647.4463012653785
2018-04-14 00:00:00,487.8256363750439,649.4106802415873
2018-04-15 00:00:00,509.99431348409524,659.3303470391921
2018-04-16 00:00:00,496.8955477706233,656.1591193719139
2018-04-17 00:00:00,496.0592627507908,632.6470348665705
2018-04-18 00:00:00,516.6947265238178,650.006304535203
2018-04-19 00:00:00,543.5524016715049,665.5486304976772
2018-04-20 00:00:00,585.1123303138457,692.9644741326181
2018-04-21 00:00:00,572.4182007070295,668.3188250944858
2018-04-22 00:00:00,571.9425511040669,674.6390135579719
2018-04-23 00:00:00,582.751643110442,681.4460171249973
2018-04-24 00:00:00,623.5486339900058,695.5806630503338
2018-04-25 00:00:00,560.9448790513908,655.0272158470617
2018-04-26 00:00:00,590.16280740586,660.2187563718031
2018-04-27 00:00:00,572.838361554541,662.8650596838528
2018-04-28 00:00:00,595.4305921167967,676.5159436419895
2018-04-29 00:00:00,599.360094431024,693.706623174958
2018-04-30 00:00:00,585.0912287782262,670.6123434332583
2018-05-01 00:00:00,585.225045875116,677.3647637365061
2018-05-02 00:00:00,593.2699988473959,676.043730687049
2018-05-03 00:00:00,627.0501413950393,681.3384183187317
2018-05-04 00:00:00,634.7965450833836,676.7791714882683
2018-05-05 00:00:00,649.6150035429542,671.8122274081817
2018-05-06 00:00:00,634.0724436686706,663.8869338846666
2018-05-07 00:00:00,613.4470148836576,657.5025088201457
2018-05-08 00:00:00,605.4309210761066,653.1289105656539
2018-05-09 00:00:00,602.6097472466008,659.6039018041345
2018-05-10 00:00:00,582.9728566640331,658.6057411119018
2018-05-11 00:00:00,546.4759100179645,626.9723306834151
2018-05-12 00:00:00,553.8895831353722,626.5795062390556
2018-05-13 00:00:00,574.5478556249542,629.1751285666601
2018-05-14 00:00:00,575.5022657961845,633.0244090595661
2018-05-15 00:00:00,556.6690213771833,632.2353167157427
2018-05-16 00:00:00,556.3809198309476,635.4024844905982
2018-05-17 00:00:00,534.8668533876321,619.8066084624835
2018-05-18 00:00:00,545.2153589029995,629.614162463125
2018-05-19 00:00:00,544.2586061116198,636.8928751685955
2018-05-20 00:00:00,557.8859425414023,637.0789168261668
2018-05-21 00:00:00,547.4450669597763,656.6669837353998
2018-05-22 00:00:00,523.9439968706627,630.0114537454609
2018-05-23 00:00:00,492.28213717912803,655.2686880944195
2018-05-24 00:00:00,503.26505838976584,670.0435242184079
2018-05-25 00:00:00,493.54698243055253,650.9807633474904
2018-05-26 00:00:00,491.25779989178835,641.6149991555582
2018-05-27 00:00:00,487.89769275361624,638.585083288498
2018-05-28 00:00:00,461.28538336375885,623.2790143052493
2018-05-29 00:00:00,489.0577597923883,626.4378561943597
2018-05-30 00:00:00,486.1764802294722,641.219581152189
2018-05-31 00:00:00,491.83655585952374,628.9302282882445
2018-06-01 00:00:00,496.41846883194836,638.9797345227918
2018-06-02 00:00:00,505.0428176956673,648.6506397324193
2018-06-03 00:00:00,517.4054657091572,634.9630142877434
2018-06-04 00:00:00,504.3263969989379,623.6105140078056
2018-06-05 00:00:00,512.6435973456396,626.1711420740357
2018-06-06 00:00:00,511.74242495634826,625.9993765859591
2018-06-07 00:00:00,512.2523303896082,621.6519733360622
2018-06-08 00:00:00,509.4528396382076,620.7578134608084
2018-06-09 00:00:00,503.8591716161782,614.7028131324713
2018-06-10 00:00:00,461.00770691038474,588.975383599832
2018-06-11 00:00:00,467.0907571682795,589.3110847309565
2018-06-12 00:00:00,443.9710104980783,589.8978092844354
2018-06-13 00:00:00,427.27891153202,587.0919991587325
2018-06-14 00:00:00,449.9437416380384,588.5478726047322
2018-06-15 00:00:00,434.5206056919025,583.1148542132838
2018-06-16 00:00:00,437.41267411673545,584.5961305344086
2018-06-17 00:00:00,434.5858390938536,586.2742664881127
2018-06-18 00:00:00,444.69362911157964,590.6269176944104
2018-06-19 00:00:00,450.2171754959856,587.1258655274693
2018-06-20 00:00:00,447.43492781823863,582.6292427747925
2018-06-21 00:00:00,443.7600474625567,593.4920780719314
2018-06-22 00:00:00,406.31264363854245,558.450919757413
2018-06-23 00:00:00,407.1630651960791,557.5533153624032
2018-06-24 00:00:00,400.5620423524192,558.5702136418265
2018-06-25 00:00:00,403.43382481974584,562.267929070892
2018-06-26 00:00:00,387.383835478482,557.2028864500011
2018-06-27 00:00:00,395.96925964702353,564.0618088766438
2018-06-28 00:00:00,379.7519227175902,546.4554204395356
2018-06-29 00:00:00,391.3978108386515,548.6121822051057
2018-06-30 00:00:00,401.7180236424174,552.9126424876932
2018-07-01 00:00:00,399.2784451851677,549.1440028227669
2018-07-02 00:00:00,415.18343506514077,554.3913272255625
2018-07-03 00:00:00,411.9895047011209,550.7763225584871
2018-07-04 00:00:00,414.50752230794626,550.647322521533
2018-07-05 00:00:00,413.7592926441529,554.8668904406067
2018-07-06 00:00:00,413.0703137446264,552.6297338424971
2018-07-07 00:00:00,423.7636242362789,559.2408507914076
2018-07-08 00:00:00,415.8574797028175,562.5302012980807
2018-07-09 00:00:00,411.4587699614942,537.5669129602979
2018-07-10 00:00:00,388.69226031050687,530.3677904018691
2018-07-11 00:00:00,395.2287012682521,527.9064032513376
2018-07-12 00:00:00,385.59184104386156,527.6206535608192
2018-07-13 00:00:00,387.32908677368215,531.1636932707949
2018-07-14 00:00:00,388.13647642063887,532.1434554156605
2018-07-15 00:00:00,394.70002108959153,537.3763311712632
2018-07-16 00:00:00,417.20857429179847,542.5471879436424
2018-07-17 00:00:00,436.9615544493983,553.3173882937153
2018-07-18 00:00:00,428.0770607120779,551.4591788886258
2018-07-19 00:00:00,424.8575925110438,547.7133938122116
2018-07-20 00:00:00,411.31475353688256,526.8011401945928
2018-07-21 00:00:00,417.35273176533036,527.4030276915073
2018-07-22 00:00:00,414.4154836026851,533.6172167711306
2018-07-23 00:00:00,414.437774307931,506.66306533842453
2018-07-24 00:00:00,436.4526989173398,506.9774197428944
2018-07-25 00:00:00,430.3678652628081,501.55396772123754
2018-07-26 00:00:00,422.233704288168,491.9822177705814
2018-07-27 00:00:00,426.58980759428414,495.12254635485436
2018-07-28 00:00:00,425.59431316280234,499.9300377810551
2018-07-29 00:00:00,426.3138136412263,507.1074182511067
2018-07-30 00:00:00,421.5623929890381,502.22424090411283
2018-07-31 00:00:00,407.9479167220378,488.3491583994494
2018-08-01 00:00:00,403.94347565660604,496.17154160262817
2018-08-02 00:00:00,397.2644668008168,485.8112833553564
2018-08-03 00:00:00,400.1951634354239,483.6938998382943
2018-08-04 00:00:00,387.0495016074895,478.8957825166821
2018-08-05 00:00:00,390.5249907784136,481.1672000690404
2018-08-06 00:00:00,384.3702921641611,482.6568020156862
2018-08-07 00:00:00,365.13040361280827,475.36125526391635
2018-08-08 00:00:00,340.28301773285017,454.8491447138733
2018-08-09 00:00:00,349.66446005217836,458.7602884408377
2018-08-10 00:00:00,329.0605872785882,457.03009364868416
2018-08-11 00:00:00,323.3266919637002,455.73231909223546
2018-08-12 00:00:00,322.83954612583796,459.2586099074471
2018-08-13 00:00:00,309.000540007233,450.8915440155916
2018-08-14 00:00:00,302.8160411112948,440.93598514187437
2018-08-15 00:00:00,306.4912865437349,440.9102278712184
2018-08-16 00:00:00,311.21391639910854,449.0488448476046
2018-08-17 00:00:00,342.11553506668355,476.41339248861954
2018-08-18 00:00:00,324.41803892101547,455.26655993402363
2018-08-19 00:00:00,330.29887853138666,470.0683576632448
2018-08-20 00:00:00,313.5534044377549,468.09547858804086
2018-08-21 00:00:00,322.6521828137559,475.7984528198973
2018-08-22 00:00:00,314.9472440509081,467.6617584861723
2018-08-23 00:00:00,321.8514624713049,465.58341807139004
2018-08-24 00:00:00,325.6291970911077,476.5346512006595
2018-08-25 00:00:00,325.3325370752813,478.0222892274723
2018-08-26 00:00:00,322.1163581493065,487.03788979808877
2018-08-27 00:00:00,332.0525321268783,475.31550378864205
2018-08-28 00:00:00,342.73568058167547,485.1835824423955
2018-08-29 00:00:00,337.94864373578736,477.42549329946246
2018-08-30 00:00:00,332.6050480019427,485.1348043630442
2018-08-31 00:00:00,334.8982724197983,495.25678141221726
2018-09-01 00:00:00,345.68134403545525,507.5611415679925
2018-09-02 00:00:00,344.9395790560068,500.55781750569776
2018-09-03 00:00:00,342.06507138211396,509.7980459496245
2018-09-04 00:00:00,343.81399762347655,528.8668620989934
2018-09-05 00:00:00,306.85244699915677,495.03799494145983
2018-09-06 00:00:00,306.61869158938,528.1348928676283
2018-09-07 00:00:00,299.2447367338062,526.6917371996695
2018-09-08 00:00:00,285.95478589817543,577.2988292112069
2018-09-09 00:00:00,288.05615875641746,532.430587326216
2018-09-10 00:00:00,286.08058637490177,566.2721413404535
2018-09-11 00:00:00,278.9676715932386,558.4082628228559
2018-09-12 00:00:00,279.12396058196896,553.6955476432806
2018-09-13 00:00:00,294.6776419988147,560.8523835031698
2018-09-14 00:00:00,295.99797862598354,558.274918641971
2018-09-15 00:00:00,300.53137287774734,557.3866525499408
2018-09-16 00:00:00,299.72445301510885,556.7051278672712
2018-09-17 00:00:00,285.00594300190187,545.3232150128082
2018-09-18 00:00:00,301.27909731560203,557.1514629971
2018-09-19 00:00:00,302.49050142036606,565.5419764146831
2018-09-20 00:00:00,333.4437455878268,562.6875365483866
2018-09-21 00:00:00,363.050469695342,580.3510426827144
2018-09-22 00:00:00,362.4523914640886,573.0744678165408
2018-09-23 00:00:00,364.48997449913134,576.7758237370215
2018-09-24 00:00:00,344.92471358600415,559.0765922676931
2018-09-25 00:00:00,344.2505796973004,556.0965239559667
2018-09-26 00:00:00,342.4883248789402,555.5844818385747
2018-09-27 00:00:00,358.06561077883913,561.8599168786614
2018-09-28 00:00:00,354.58309014210386,557.3585456668854
2018-09-29 00:00:00,360.84278850414665,552.7661402748433
2018-09-30 00:00:00,362.2955552166768,549.9980073213055
2018-10-01 00:00:00,359.335430757135,544.4867207266614
2018-10-02 00:00:00,350.4488951691178,540.1379750386271
2018-10-03 00:00:00,346.1003946844651,539.5970161012539
2018-10-04 00:00:00,348.02865545120454,543.7625784093003
2018-10-05 00:00:00,349.7503464872784,551.3054971889657
2018-10-06 00:00:00,343.4572338179001,539.6102227348626
2018-10-07 00:00:00,343.4011519829468,543.7271316197654
2018-10-08 00:00:00,347.3885188584853,553.3436901639725
2018-10-09 00:00:00,344.7485216798329,552.325334172773
2018-10-10 00:00:00,339.8904954024795,536.0151996781101
2018-10-11 00:00:00,305.9738088815831,535.6754751381113
2018-10-12 00:00:00,317.07082794496904,527.9745189328787
2018-10-13 00:00:00,317.649455094551,515.7937320251568
2018-10-14 00:00:00,312.6181241590646,509.97090068365367
2018-10-15 00:00:00,329.5801329624578,518.7294048229288
2018-10-16 00:00:00,331.77667536524,506.67136864614645
2018-10-17 00:00:00,329.25426855868653,510.8137873294892
2018-10-18 00:00:00,325.16164925195363,509.011346672178
2018-10-19 00:00:00,325.72921590475244,514.2681183983367
2018-10-20 00:00:00,327.391795736233,526.6664198088253
2018-10-21 00:00:00,326.3132733380499,558.0032932126859
2018-10-22 00:00:00,324.6519387501632,618.4525250709196
2018-10-23 00:00:00,326.59416972205213,529.4945931639032
2018-10-24 00:00:00,325.97094712036017,538.1948026273526
2018-10-25 00:00:00,325.192300290764,531.8982953019997
2018-10-26 00:00:00,325.44472093196896,537.5699318713728
2018-10-27 00:00:00,325.3757156660698,533.9649061977009
2018-10-28 00:00:00,327.0261765995856,531.7905989406844
2018-10-29 00:00:00,316.22119169896314,520.68600886414
2018-10-30 00:00:00,317.00569085802107,520.1765559188923
2018-10-31 00:00:00,317.01601916808045,520.1255154219916
2018-11-01 00:00:00,320.43249629889283,520.3294756811962
2018-11-02 00:00:00,322.98926293914866,519.0775610685694
2018-11-03 00:00:00,322.0808800057003,523.7532475273974
2018-11-04 00:00:00,328.2172576219399,513.2407938603524
2018-11-05 00:00:00,334.31475948719094,511.15849559725035
2018-11-06 00:00:00,347.6539680660993,520.2755206678274
2018-11-07 00:00:00,344.1510907586982,523.2960678955628
2018-11-08 00:00:00,334.12190322041926,508.2697772833936
2018-11-09 00:00:00,333.13151697290914,503.4432525929746
2018-11-10 00:00:00,335.76670448603613,507.01034944768315
2018-11-11 00:00:00,333.52598849132545,511.4126025793837
2018-11-12 00:00:00,333.2831555758764,517.5797821540517
2018-11-13 00:00:00,329.5890336733707,573.087259764745
2018-11-14 00:00:00,301.1194425609317,534.1420785421591
2018-11-15 00:00:00,302.33080414468685,485.1575732785119
2018-11-16 00:00:00,296.66368984716394,485.78220395058736
2018-11-17 00:00:00,297.7511741833746,484.0147604653689
2018-11-18 00:00:00,302.7911277547847,483.4717241583165
2018-11-19 00:00:00,272.5864435830181,466.52450624557906
2018-11-20 00:00:00,249.9293634959018,466.16811004437363
2018-11-21 00:00:00,258.96830555667003,466.1098039293438
2018-11-22 00:00:00,246.8892758671126,464.3910484639287
2018-11-23 00:00:00,242.35898561757364,461.908052013044
2018-11-24 00:00:00,224.9375589577995,455.84699856583717
2018-11-25 00:00:00,230.1255267336455,475.29988034723266
2018-11-26 00:00:00,219.5400651552491,490.4330160047282
2018-11-27 00:00:00,224.07444934564592,476.3600470577883
2018-11-28 00:00:00,243.8272440649269,489.203168239909
2018-11-29 00:00:00,239.52155455731864,486.05303731114924
2018-11-30 00:00:00,229.92982014813578,472.87776285189756
2018-12-01 00:00:00,239.4277711111882,471.2642720060109
2018-12-02 00:00:00,235.98995109820638,467.67955891710784
2018-12-03 00:00:00,223.9579513158571,461.42746935162353
2018-12-04 00:00:00,225.97439032714215,476.5779892157762
2018-12-05 00:00:00,215.62908841443252,465.52814157785207
2018-12-06 00:00:00,201.7327244123114,448.5756702039497
2018-12-07 00:00:00,197.71225443236557,448.7189879954566
2018-12-08 00:00:00,198.6640276803197,448.07506645388565
2018-12-09 00:00:00,203.87389951855596,447.59790372775717
2018-12-10 00:00:00,197.83958111158566,443.9545259687166
2018-12-11 00:00:00,193.884035870002,437.75024607532674
2018-12-12 00:00:00,197.20285983765535,436.0803253337363
2018-12-13 00:00:00,190.9640763382767,435.34162936143997
2018-12-14 00:00:00,187.35358334371242,436.9625600945047
2018-12-15 00:00:00,187.58151999746002,436.8702915886814
2018-12-16 00:00:00,191.31432274059404,435.0834626170794
2018-12-17 00:00:00,210.20202068555918,440.9125073010964
2018-12-18 00:00:00,218.77956384176312,472.9008798004328
2018-12-19 00:00:00,219.40523916861883,479.1607504832398
2018-12-20 00:00:00,238.21215669927267,513.4677132482694
2018-12-21 00:00:00,227.12728045523983,487.66343135402855
2018-12-22 00:00:00,233.78502648944902,493.23771537264565
2018-12-23 00:00:00,242.50496577711957,487.58558554502923
2018-12-24 00:00:00,251.23567060315054,484.70564225890297
2018-12-25 00:00:00,238.10806706756753,464.57430424387906
2018-12-26 00:00:00,238.89507808014122,463.2796059677512
2018-12-27 00:00:00,222.17873819807448,456.83894442461195
2018-12-28 00:00:00,244.7082464601114,458.76463193452156
2018-12-29 00:00:00,241.27628038695335,456.28213524235883
2018-12-30 00:00:00,242.85087593792784,453.7556128873954
2018-12-31 00:00:00,234.28377707162866,450.6990972741991
2019-01-01 00:00:00,242.30472539155164,450.0856658189649
2019-01-02 00:00:00,252.3249748907713,453.1649498958453
2019-01-03 00:00:00,244.66820447753685,452.4987812861238
2019-01-04 00:00:00,246.71827228121904,464.8496105928891
2019-01-05 00:00:00,250.6109982656088,453.42225879550915
2019-01-06 00:00:00,262.66587740694825,460.4750587000858
2019-01-07 00:00:00,256.92521987467904,455.7896949337919
2019-01-08 00:00:00,259.22573338957915,462.3869815714727
2019-01-09 00:00:00,259.4499254260903,466.1595961331911
2019-01-10 00:00:00,235.41057437637588,437.3712851242372
2019-01-11 00:00:00,233.01474084342289,433.79979694500406
2019-01-12 00:00:00,231.50384440383195,430.4244633237193
2019-01-13 00:00:00,222.29127145671703,431.7967043229691
2019-01-14 00:00:00,234.0619552604378,432.9224665515615
2019-01-15 00:00:00,228.38901642111523,431.4429203515222
2019-01-16 00:00:00,229.98157054541034,431.40304146742824
2019-01-17 00:00:00,230.3499259475609,435.1129037119953
2019-01-18 00:00:00,227.51844081803313,434.4761499467543
2019-01-19 00:00:00,232.4412060178763,442.31268273400633
2019-01-20 00:00:00,225.6417417130008,437.1299406031983
2019-01-21 00:00:00,224.28463489211387,440.3000815474556
2019-01-22 00:00:00,225.55528317972065,481.77171862251276
2019-01-23 00:00:00,224.81548098675367,460.37591761660946
2019-01-24 00:00:00,226.23422355610026,450.7705210873917
2019-01-25 00:00:00,226.1520378427108,448.5983399586446
2019-01-26 00:00:00,225.98602000419095,449.16088176786894
2019-01-27 00:00:00,223.0829461626041,448.4698661706542
2019-01-28 00:00:00,214.98415004091575,436.6333276001639
2019-01-29 00:00:00,213.41896037686644,441.64337350255494
2019-01-30 00:00:00,220.83262391080916,442.6385893981474
2019-01-31 00:00:00,217.87111829302938,444.14316730667343
2019-02-01 00:00:00,219.87056527976983,445.9740312793795
2019-02-02 00:00:00,223.72440256467274,441.02625605729304
2019-02-03 00:00:00,219.21575877764585,435.6702950845464
2019-02-04 00:00:00,219.84401553948007,445.8796863959263
2019-02-05 00:00:00,219.81881642076414,455.72886303767615
2019-02-06 00:00:00,215.23435130601936,445.95218440989504
2019-02-07 00:00:00,215.4100058523894,445.14295704904896
2019-02-08 00:00:00,241.1527876044795,460.7793672875515
2019-02-09 00:00:00,242.60677984210034,466.2523268786169
2019-02-10 00:00:00,247.22438042103286,478.44321897617436
2019-02-11 00:00:00,240.23103275948355,466.8610474121804
2019-02-12 00:00:00,242.0605424772794,460.23912690326245
2019-02-13 00:00:00,239.4964993959559,462.12142599775194
2019-02-14 00:00:00,238.1802766851445,459.31893781364306
2019-02-15 00:00:00,239.5547446484906,456.5475504415395
2019-02-16 00:00:00,241.1156215559846,453.2361056908259
2019-02-17 00:00:00,246.27016039365174,465.54721696958933
2019-02-18 00:00:00,261.9106605131864,472.38566294170994
2019-02-19 00:00:00,262.3371982337947,458.4051292981954
2019-02-20 00:00:00,270.2989036395585,463.7838984707105
2019-02-21 00:00:00,263.674187949191,458.8439356941439
2019-02-22 00:00:00,266.44742732984923,466.4136458672985
2019-02-23 00:00:00,275.5179172959594,476.18543837091477
2019-02-24 00:00:00,250.70013254984457,456.2202607853023
2019-02-25 00:00:00,259.4895104063346,474.18978506216155
2019-02-26 00:00:00,256.01465555463403,465.4819562793995
2019-02-27 00:00:00,254.2318109587074,457.71402008483875
2019-02-28 00:00:00,255.61617610550434,458.52588415925925
2019-03-01 00:00:00,257.14931642132177,456.7971163896287
2019-03-02 00:00:00,257.90362306937357,463.20358622582455
2019-03-03 00:00:00,255.77090387662253,469.43360451184003
2019-03-04 00:00:00,249.69760346673885,468.9742096271325
2019-03-05 00:00:00,264.46002234558443,466.58383288214276
2019-03-06 00:00:00,267.63135704296855,474.73212926014065
2019-03-07 00:00:00,268.2974621051783,511.378959143053
2019-03-08 00:00:00,265.26118187183783,555.2779553472478
2019-03-09 00:00:00,269.55372133632807,541.2902821102166
2019-03-10 00:00:00,268.11192817039165,537.4673992473948
2019-03-11 00:00:00,264.3319852282665,529.0163929723527
2019-03-12 00:00:00,265.86866705309654,583.6895901234003
2019-03-13 00:00:00,265.2284650626794,591.2765855617579
2019-03-14 00:00:00,266.10380559526925,591.3096052470241
2019-03-15 00:00:00,270.7546200667481,666.37324339659
2019-03-16 00:00:00,277.4204680297518,639.5955488938666
2019-03-17 00:00:00,275.03494709757217,603.3556994327561
2019-03-18 00:00:00,274.07364489206174,604.1631350802712
2019-03-19 00:00:00,275.8526449754104,609.672306783048
2019-03-20 00:00:00,276.21818880497824,627.7792943025872
2019-03-21 00:00:00,271.38200920106965,649.8851277825614
2019-03-22 00:00:00,271.5088599015585,638.7960840880214
2019-03-23 00:00:00,273.5997549387997,660.7316434022098
2019-03-24 00:00:00,271.2324551738786,669.1234785242345
2019-03-25 00:00:00,268.2424225703938,644.2067051785531
2019-03-26 00:00:00,268.8985270136999,633.0077394039804
2019-03-27 00:00:00,276.51205889432345,635.7559471182849
2019-03-28 00:00:00,274.0460138869298,632.0726348740876
2019-03-29 00:00:00,274.8655763050905,630.6331146564024
2019-03-30 00:00:00,274.79565960386424,628.2215716556053
2019-03-31 00:00:00,274.4393404356393,638.4201181919287
2019-04-01 00:00:00,275.9574766661074,633.2626786906831
2019-04-02 00:00:00,315.3826403442867,660.127254027109
2019-04-03 00:00:00,321.14552637738717,666.1608910828044
2019-04-04 00:00:00,317.2293838070884,673.7618856512489
2019-04-05 00:00:00,330.14178215929365,684.8649950847666
2019-04-06 00:00:00,331.9485593880183,677.4519545405539
2019-04-07 00:00:00,338.1037189237031,679.4967540650715
2019-04-08 00:00:00,339.4295830056938,672.8994647252598
2019-04-09 00:00:00,332.9893590585484,651.2267773692807
2019-04-10 00:00:00,336.9481415210598,653.8929959822534
2019-04-11 00:00:00,318.12537361926616,637.1782479471009
2019-04-12 00:00:00,316.7862506680589,633.2152364313437
2019-04-13 00:00:00,316.10251160063217,639.6338715924622
2019-04-14 00:00:00,322.52771548390547,641.3838460500048
2019-04-15 00:00:00,314.0278721533813,621.6962457556277
2019-04-16 00:00:00,322.10823079441093,621.0871631697775
2019-04-17 00:00:00,321.80270343272144,624.1603942115589
2019-04-18 00:00:00,327.47214929732576,625.7834050229362
2019-04-19 00:00:00,326.95086221060683,630.933576129292
2019-04-20 00:00:00,325.8287550529694,631.3055400741249
2019-04-21 00:00:00,319.71025370777545,624.2006861950531
2019-04-22 00:00:00,321.359676404902,610.26255525138
2019-04-23 00:00:00,321.10736735984676,609.9513369197666
2019-04-24 00:00:00,312.4894630616413,594.7820440772654
2019-04-25 00:00:00,300.0730943885806,587.1338213112631
2019-04-26 00:00:00,304.9600860961808,591.7659884394286
2019-04-27 00:00:00,304.68194733435075,592.8613382564389
2019-04-28 00:00:00,302.50246818532804,593.7802324092149
2019-04-29 00:00:00,299.4895568839905,589.623060308802
2019-04-30 00:00:00,312.3589998686943,593.8070035203959
2019-05-01 00:00:00,310.715540258722,590.4167124219392
2019-05-02 00:00:00,312.1410853602523,591.0420702550525
2019-05-03 00:00:00,323.09440695531083,613.8535592713453
2019-05-04 00:00:00,320.4423370141692,613.6472268945895
2019-05-05 00:00:00,317.77052332744506,595.0563215845731
2019-05-06 00:00:00,319.8114911585913,596.0642018755879
2019-05-07 00:00:00,318.7570531472238,592.4452666608546
2019-05-08 00:00:00,321.23446984830645,599.7490555088403
2019-05-09 00:00:00,321.63385874897654,595.6296246806397
2019-05-10 00:00:00,328.391431373892,594.804195501165
2019-05-11 00:00:00,360.4424811127973,600.7022213830478
2019-05-12 00:00:00,348.1823331251975,598.1539172276673
2019-05-13 00:00:00,367.1341330408127,634.4648719120464
2019-05-14 00:00:00,397.8480336386025,642.6820983757514
2019-05-15 00:00:00,429.084771495236,675.9311228054912
2019-05-16 00:00:00,419.2427412865304,686.8139856338877
2019-05-17 00:00:00,394.3929343986036,706.9528934674723
2019-05-18 00:00:00,385.8519315396577,682.6228525019301
2019-05-19 00:00:00,422.5311722450066,811.6156756795076
2019-05-20 00:00:00,409.276921938705,940.6608019695852
2019-05-21 00:00:00,410.27722677121454,943.0544642838466
2019-05-22 00:00:00,396.35922435133403,845.8445116201334
2019-05-23 00:00:00,400.92162597390484,851.6284589038104
2019-05-24 00:00:00,413.3753254350106,841.6826564329659
2019-05-25 00:00:00,417.67019860511124,846.8779469773355
2019-05-26 00:00:00,441.4502310070821,834.9221546503701
2019-05-27 00:00:00,455.0939564788496,834.3553989319194
2019-05-28 00:00:00,453.5989857205338,870.6514930966341
2019-05-29 00:00:00,451.8556772203812,877.7982763474685
2019-05-30 00:00:00,434.5311947085019,872.5953136921258
2019-05-31 00:00:00,449.40299952379814,878.1042967553242
2019-06-01 00:00:00,445.2789841739156,875.1406483533195
2019-06-02 00:00:00,453.1858369740009,887.0127144159558
2019-06-03 00:00:00,431.91772849471926,896.8335357026941
2019-06-04 00:00:00,412.9838390232524,878.4094789549233
2019-06-05 00:00:00,418.8692273183291,881.33790712674
2019-06-06 00:00:00,428.90088154511045,872.0096509939461
2019-06-07 00:00:00,437.66258353684736,868.0849672422198
2019-06-08 00:00:00,433.3674959901382,873.5476338660172
2019-06-09 00:00:00,418.2801624424376,850.7200862271869
2019-06-10 00:00:00,439.828295623221,857.3416325950582
2019-06-11 00:00:00,441.7512824989898,859.1291935327748
2019-06-12 00:00:00,450.8656392644353,853.5991955648783
2019-06-13 00:00:00,447.02285739388185,850.5519168299569
2019-06-14 00:00:00,457.4752434537899,839.2739575647172
2019-06-15 00:00:00,465.15389489841994,840.1727903167231
2019-06-16 00:00:00,469.8256338892531,836.0974961822466
2019-06-17 00:00:00,477.89005644209726,824.594504231118
2019-06-18 00:00:00,468.11644287819513,818.8704252277521
2019-06-19 00:00:00,474.60376607602177,821.6228775105327
2019-06-20 00:00:00,475.5168185756165,818.5155288558844
2019-06-21 00:00:00,495.3972693366513,821.122308953103
2019-06-22 00:00:00,514.2233514329046,822.205903376468
2019-06-23 00:00:00,510.2333168699632,822.9460770162111
2019-06-24 00:00:00,512.0616058716801,852.7605428674481
2019-06-25 00:00:00,522.3262580045555,855.6837687244263
2019-06-26 00:00:00,534.3413437239909,825.6268157152823
2019-06-27 00:00:00,478.004419046268,797.3295092275052
2019-06-28 00:00:00,504.5718138087956,788.805414543309
2019-06-29 00:00:00,515.4211540825728,794.507379444266
2019-06-30 00:00:00,478.7699901524751,783.7008349731711
2019-07-01 00:00:00,480.7990346484865,789.8585716478281
2019-07-02 00:00:00,478.5807106690206,782.63318346964
2019-07-03 00:00:00,497.49298291870286,795.0505449173448
2019-07-04 00:00:00,477.7613470034667,784.8488888963458
2019-07-05 00:00:00,473.38380692598207,808.5176746142567
2019-07-06 00:00:00,476.9154065341014,813.0670718927357
2019-07-07 00:00:00,489.46201336234185,811.5968335358846
2019-07-08 00:00:00,502.7497832522586,849.3847450063095
2019-07-09 00:00:00,498.47547455249526,819.6584582127772
2019-07-10 00:00:00,472.0179727108201,814.3111293412665
2019-07-11 00:00:00,444.807189734361,819.6219243743476
2019-07-12 00:00:00,457.81686713629705,804.5275076114143
2019-07-13 00:00:00,444.65441261734685,795.3671469674008
2019-07-14 00:00:00,405.2762024367164,783.7091622886559
2019-07-15 00:00:00,415.1720174494659,797.2637763443513
2019-07-16 00:00:00,376.97193178492216,769.0292754764317
2019-07-17 00:00:00,397.43548516160394,790.1018236993239
2019-07-18 00:00:00,424.47742678078606,815.4931797338729
2019-07-19 00:00:00,418.01314664137,818.9509608920017
2019-07-20 00:00:00,428.16486479751774,832.0019178622035
2019-07-21 00:00:00,423.83769682456835,833.5441065882245
2019-07-22 00:00:00,412.78856217777246,805.1650974528914
2019-07-23 00:00:00,399.9258943838523,800.0287429379745
2019-07-24 00:00:00,406.0741094099705,790.6633843648508
2019-07-25 00:00:00,406.83404502469534,784.4182992708647
2019-07-26 00:00:00,409.5596884362176,785.8345030623292
2019-07-27 00:00:00,393.3414647536248,766.0762327388035
2019-07-28 00:00:00,396.8859347323885,769.9962966275307
2019-07-29 00:00:00,396.66730220709235,770.6669566842029
2019-07-30 00:00:00,399.45187332771843,769.316800401681
2019-07-31 00:00:00,414.17803116202344,773.4518974187044
2019-08-01 00:00:00,416.4165953968297,771.5378737704069
2019-08-02 00:00:00,412.02903618440416,774.7534836647684
2019-08-03 00:00:00,417.2003346119406,774.4671421005784
2019-08-04 00:00:00,418.0757647048506,776.3067004079675
2019-08-05 00:00:00,433.4174769106892,777.1398327208317
2019-08-06 00:00:00,420.32189677175637,766.8977015989202
2019-08-07 00:00:00,422.39747784249903,756.7335372691764
2019-08-08 00:00:00,418.17173127560056,741.2100768528161
2019-08-09 00:00:00,405.60003243921267,740.0266036557
2019-08-10 00:00:00,402.0651647090407,729.7288130423367
2019-08-11 00:00:00,411.68351634559554,730.796461888266
2019-08-12 00:00:00,404.8026216903065,727.0713025397646
2019-08-13 00:00:00,397.94354475342885,725.7963713146213
2019-08-14 00:00:00,366.2843615677723,709.8908050927852
2019-08-15 00:00:00,370.3626259668809,707.2075603968626
2019-08-16 00:00:00,367.34710936009753,700.6154351532507
2019-08-17 00:00:00,365.2949834095728,702.4384017533102
2019-08-18 00:00:00,377.89506489489565,701.8117115123266
2019-08-19 00:00:00,386.6330696904374,700.6802291443545
2019-08-20 00:00:00,378.65781849240443,697.9456770933905
2019-08-21 00:00:00,365.2030885350008,688.4869218167335
2019-08-22 00:00:00,369.4322505703086,695.8473860137221
2019-08-23 00:00:00,376.16137675599714,696.8343355573033
2019-08-24 00:00:00,369.9325902840872,692.5509761195297
2019-08-25 00:00:00,365.99639284290106,685.361206767631
2019-08-26 00:00:00,370.38000154871514,673.8806698473894
2019-08-27 00:00:00,366.99488013330654,674.9953725560788
2019-08-28 00:00:00,349.626566396581,659.2722884849768
2019-08-29 00:00:00,342.9545171832104,664.9516679620533
2019-08-30 00:00:00,343.3093373213224,666.5396267729942
2019-08-31 00:00:00,346.1929705561569,648.8094587219948
2019-09-01 00:00:00,348.2027872569716,653.4621981726071
2019-09-02 00:00:00,356.6165626336103,657.9574169278063
2019-09-03 00:00:00,361.9085909384243,659.5880167184208
2019-09-04 00:00:00,357.47166510536033,656.078598119349
2019-09-05 00:00:00,353.5326390318652,651.7621853926117
2019-09-06 00:00:00,349.19794354608996,642.3704163474046
2019-09-07 00:00:00,360.28230804095904,646.1995140968828
2019-09-08 00:00:00,363.2038558683452,642.2845884425026
2019-09-09 00:00:00,360.8418478944318,636.0936354956928
2019-09-10 00:00:00,358.9779168392371,632.7540328967345
2019-09-11 00:00:00,357.5163830362661,634.413142214888
2019-09-12 00:00:00,359.0217590379353,641.2186410483714
2019-09-13 00:00:00,358.61263268930566,629.4536957385237
2019-09-14 00:00:00,364.63968135234836,641.1040842624909
2019-09-15 00:00:00,365.2144031682582,649.3673942599668
2019-09-16 00:00:00,369.5236079711485,645.2762856419417
2019-09-17 00:00:00,382.31151498916415,663.772182611436
2019-09-18 00:00:00,394.58855997073937,667.3468303463732
2019-09-19 00:00:00,394.88675954206207,668.6026990532367
2019-09-20 00:00:00,388.8814677105228,664.4163840208354
2019-09-21 00:00:00,383.8323659658397,651.5101934245231
2019-09-22 00:00:00,379.09944984063117,645.1071909226386
2019-09-23 00:00:00,364.26932404197834,620.4145487186573
2019-09-24 00:00:00,323.0145152669658,594.2239064079719
2019-09-25 00:00:00,328.2593179633231,594.2331916344788
2019-09-26 00:00:00,320.54219736592347,594.1435570979514
2019-09-27 00:00:00,326.04779286677143,594.719750658112
2019-09-28 00:00:00,324.4078272253476,595.8625828443359
2019-09-29 00:00:00,319.9437119264302,580.6532441731515
2019-09-30 00:00:00,330.759959626556,585.6833024514789
2019-10-01 00:00:00,328.72901346784676,577.6676719687515
2019-10-02 00:00:00,331.8057297960903,575.352496988268
2019-10-03 00:00:00,327.33444509092755,571.401519679855
2019-10-04 00:00:00,329.78620560047005,577.110104698522
2019-10-05 00:00:00,328.5258623217708,576.2626621109756
2019-10-06 00:00:00,326.0941427371475,568.6341192059211
2019-10-07 00:00:00,338.37710956022244,574.9845280201179
2019-10-08 00:00:00,338.6141222506529,576.8843413470713
2019-10-09 00:00:00,348.9692206354566,585.911023007991
2019-10-10 00:00:00,343.8208545859097,583.1835133532583
2019-10-11 00:00:00,337.05773395765186,578.1648673615351
2019-10-12 00:00:00,336.1535799609715,573.9579966527987
2019-10-13 00:00:00,338.52728724508233,569.5355495545374
2019-10-14 00:00:00,345.6148740247694,576.1870761947022
2019-10-15 00:00:00,337.86622769107015,574.5018391223787
2019-10-16 00:00:00,331.26102641512426,570.34956430486
2019-10-17 00:00:00,338.9265305396944,565.6352151796036
2019-10-18 00:00:00,332.6969479087947,582.5670974854926
2019-10-19 00:00:00,333.0545117669807,572.7741239564839
2019-10-20 00:00:00,337.12140156526067,608.1097052218388
2019-10-21 00:00:00,336.87990927587003,610.5872629700377
2019-10-22 00:00:00,332.75908958325954,610.0415163931602
2019-10-23 00:00:00,315.0750159227664,577.1604626434913
2019-10-24 00:00:00,316.6772346774593,574.2774819789328
2019-10-25 00:00:00,346.9377306265497,580.8503247294037
2019-10-26 00:00:00,349.69483741880583,578.6576377671315
2019-10-27 00:00:00,358.82848847143276,582.4929541838752
2019-10-28 00:00:00,353.24891355139414,581.061188289124
2019-10-29 00:00:00,361.0160036055519,590.6592443654024
2019-10-30 00:00:00,354.40202045539854,583.2632342990076
2019-10-31 00:00:00,354.5056156270256,581.130080903067
2019-11-01 00:00:00,353.690909694577,582.007819203386
2019-11-02 00:00:00,355.0975366253673,587.664147731183
2019-11-03 00:00:00,352.65053154889483,600.2839934949332
2019-11-04 00:00:00,361.16386807273966,604.0510096959813
2019-11-05 00:00:00,364.1444101708088,596.3516786991208
2019-11-06 00:00:00,368.2906716743077,582.996893063214
2019-11-07 00:00:00,359.39024284529523,580.4982133390259
2019-11-08 00:00:00,348.8001228147411,577.9827927438474
2019-11-09 00:00:00,351.476784973788,579.3554351709683
2019-11-10 00:00:00,357.4153859738503,585.355000265282
2019-11-11 00:00:00,350.06192026333764,582.8904319534192
2019-11-12 00:00:00,349.65183604479495,591.6842838422288
2019-11-13 00:00:00,350.1445876419282,600.4582866870163
2019-11-14 00:00:00,346.07067294941487,628.6997322165649
2019-11-15 00:00:00,337.90334389979563,633.6723621937732
2019-11-16 00:00:00,341.24989799558443,615.8189432978297
2019-11-17 00:00:00,343.7712475927662,606.6352121663219
2019-11-18 00:00:00,334.47744180633794,601.3586077603419
2019-11-19 00:00:00,331.13162577118953,613.8256436175611
2019-11-20 00:00:00,327.0780444950513,619.5820315325099
2019-11-21 00:00:00,311.1248230342976,592.5183628830301
2019-11-22 00:00:00,297.05462752136816,597.940261174895
2019-11-23 00:00:00,302.25951026481573,587.0966118454794
2019-11-24 00:00:00,287.23370587996715,580.8890557729089
2019-11-25 00:00:00,288.91905467819237,582.8336469910728
2019-11-26 00:00:00,293.61899866412205,616.1479740082152
2019-11-27 00:00:00,299.1762408530927,594.2458510277646
2019-11-28 00:00:00,296.7474047149441,588.5172292847865
2019-11-29 00:00:00,304.3379931173352,600.6473633124929
2019-11-30 00:00:00,298.84341028752203,604.5561703573882
2019-12-01 00:00:00,297.20741618848206,594.0118244153023
2019-12-02 00:00:00,291.62759748306974,612.2505650125136
2019-12-03 00:00:00,290.7885710331548,605.9854408747955
2019-12-04 00:00:00,288.87749265338203,601.5675121946952
2019-12-05 00:00:00,293.4443126929364,607.8418015479878
2019-12-06 00:00:00,294.9702395760136,622.2527113787488
2019-12-07 00:00:00,295.8390009755658,625.3821175716226
2019-12-08 00:00:00,297.75505020738944,605.1079717428737
2019-12-09 00:00:00,292.5446314029058,596.8428822325986
2019-12-10 00:00:00,290.21184632138164,590.7060635687973
2019-12-11 00:00:00,287.5326562535605,592.218856778584
2019-12-12 00:00:00,287.8012914500338,590.668940446412
2019-12-13 00:00:00,288.23346755154955,592.2041898756268
2019-12-14 00:00:00,284.6754594668688,597.0115580381685
2019-12-15 00:00:00,285.2821096868198,587.3155245289381
2019-12-16 00:00:00,272.3250405991812,587.916574052279
2019-12-17 00:00:00,254.34288374979795,560.6858876091268
2019-12-18 00:00:00,272.74735400223625,562.5966902915645
2019-12-19 00:00:00,268.14199528842835,562.6096123644174
2019-12-20 00:00:00,269.7708521131699,535.0056997254353
2019-12-21 00:00:00,268.4350414645891,536.5424330524833
2019-12-22 00:00:00,275.9478078396281,536.4543801761006
2019-12-23 00:00:00,270.52759828016286,533.7694217838838
2019-12-24 00:00:00,270.4148144962296,541.921134431514
2019-12-25 00:00:00,268.2803936496113,552.1349638585389
2019-12-26 00:00:00,267.36640449222784,550.2645841208613
2019-12-27 00:00:00,269.6119953351304,549.1935733862065
2019-12-28 00:00:00,272.7710568569253,555.0242010789667
2019-12-29 00:00:00,278.63560371833256,556.2801560312163
2019-12-30 00:00:00,274.9856449768518,557.0430142651709
2019-12-31 00:00:00,270.37031618495274,557.9031131095156
2020-01-01 00:00:00,271.747934503022,551.078183171436
2020-01-02 00:00:00,264.6686888820224,550.8797186654458
2020-01-03 00:00:00,275.32833725537563,543.124486635586
2020-01-04 00:00:00,277.78977116752594,533.9207393506523
2020-01-05 00:00:00,278.84951046882225,518.0727614940108
2020-01-06 00:00:00,294.9510787565426,523.8816414495125
2020-01-07 00:00:00,296.3271217470564,520.0202580201578
2020-01-08 00:00:00,292.58539420358784,522.3424411322168
2020-01-09 00:00:00,288.605757103665,518.3356940761568
2020-01-10 00:00:00,299.05806653385093,529.7693862615988
2020-01-11 00:00:00,298.13085493376354,530.4124333492246
2020-01-12 00:00:00,303.91568395745054,544.059654514714
2020-01-13 00:00:00,300.47062829322283,555.3016193437754
2020-01-14 00:00:00,331.28069665560923,584.9710720350936
2020-01-15 00:00:00,330.103792806031,599.9048205767879
2020-01-16 00:00:00,327.0020296489866,588.5988163045405
2020-01-17 00:00:00,338.6317197680206,589.8927419019129
2020-01-18 00:00:00,339.5352380808136,586.9731722000671
2020-01-19 00:00:00,330.215430692694,575.8023570939745
2020-01-20 00:00:00,328.7244231703293,578.3801131770792
2020-01-21 00:00:00,332.0578139808736,569.2273938307186
2020-01-22 00:00:00,331.4639239372512,566.1983707860276
2020-01-23 00:00:00,320.08436048654994,548.6823889472827
2020-01-24 00:00:00,319.7387373559713,551.2061640531434
2020-01-25 00:00:00,316.6760568496476,548.4389692196692
2020-01-26 00:00:00,326.88914741569704,548.6204795494223
2020-01-27 00:00:00,333.588974974271,553.5393482726862
2020-01-28 00:00:00,343.2600907319271,548.8132991341957
2020-01-29 00:00:00,341.0779301577037,535.7201564282648
2020-01-30 00:00:00,357.6509402000705,537.1812400629801
2020-01-31 00:00:00,353.05909138637026,535.640384022317
2020-02-01 00:00:00,358.5108709297937,542.5534917228636
2020-02-02 00:00:00,362.1819747947272,558.4059669588798
2020-02-03 00:00:00,362.8080428457919,559.1164405905843
2020-02-04 00:00:00,363.72374769499845,605.5378294165254
2020-02-05 00:00:00,380.47802608696514,600.1598361846291
2020-02-06 00:00:00,386.23562975943895,598.270720827099
2020-02-07 00:00:00,390.7971821491072,662.9257109986546
2020-02-08 00:00:00,393.28459993907944,650.3203390188064
2020-02-09 00:00:00,399.47981274749986,648.9331361119991
2020-02-10 00:00:00,390.36506058133995,650.0322253831913
2020-02-11 00:00:00,401.3859674746398,649.7160261643323
2020-02-12 00:00:00,424.5802081917341,674.8285031751108
2020-02-13 00:00:00,429.4772217021552,657.4459987408612
2020-02-14 00:00:00,440.4926517140895,661.3698839784222
2020-02-15 00:00:00,416.356360311819,653.9374521458847
2020-02-16 00:00:00,410.69996783830567,642.7150974739453
2020-02-17 00:00:00,406.22502343961105,631.5643088025587
2020-02-18 00:00:00,422.36396336826914,800.1121445005175
2020-02-19 00:00:00,399.30200273832486,780.920728613594
2020-02-20 00:00:00,395.44485248322246,671.233270678527
2020-02-21 00:00:00,403.55961155054166,688.7859585784944
2020-02-22 00:00:00,404.3982728168861,709.6533426178329
2020-02-23 00:00:00,416.5362265485688,701.2644017008867
2020-02-24 00:00:00,403.9490586902376,693.0520435459533
2020-02-25 00:00:00,386.4837732247569,665.97883218844
2020-02-26 00:00:00,357.44473553023346,641.5597247716595
2020-02-27 00:00:00,359.70246268681365,636.2177444173599
2020-02-28 00:00:00,356.4032690560149,624.9664033316519
2020-02-29 00:00:00,351.2990294445748,624.036519284443
2020-03-01 00:00:00,348.8886775517328,624.5223333106486
2020-03-02 00:00:00,361.3826408375799,630.266052189388
2020-03-03 00:00:00,358.20563858094107,627.4523359315583
2020-03-04 00:00:00,356.9712732466893,627.1205688978181
2020-03-05 00:00:00,364.75967850186504,624.4719475234439
2020-03-06 00:00:00,371.87475889062534,622.0552416577722
2020-03-07 00:00:00,363.4758213510254,617.9637330468586
2020-03-08 00:00:00,326.4351143158494,601.8838222887066
2020-03-09 00:00:00,323.42723563173365,599.0904887644524
2020-03-10 00:00:00,324.15447473042616,594.744605041489
2020-03-11 00:00:00,318.4981689056426,590.5038699247596
2020-03-12 00:00:00,227.33864899462034,567.9221727378819
2020-03-13 00:00:00,254.85910945025617,564.5011023635957
2020-03-14 00:00:00,239.84670769304216,559.3177122805212
2020-03-15 00:00:00,247.37557349175714,556.9004002320153
2020-03-16 00:00:00,228.92830691173947,540.1720263851146
2020-03-17 00:00:00,233.36067247033387,546.089426625147
2020-03-18 00:00:00,233.4602577358595,600.6418587009707
2020-03-19 00:00:00,266.81209680466617,572.6067578343319
2020-03-20 00:00:00,261.1434026535711,565.5095942415044
2020-03-21 00:00:00,261.9622935761067,563.7617076341548
2020-03-22 00:00:00,248.76282708287576,541.7748432148144
2020-03-23 00:00:00,265.09747185353024,618.8365900299915
2020-03-24 00:00:00,273.4248001229497,619.8081067595192
2020-03-25 00:00:00,269.85606083089647,608.4644994375564
2020-03-26 00:00:00,276.8552552926595,626.0455428740142
2020-03-27 00:00:00,272.5337830369837,624.2072887452774
2020-03-28 00:00:00,268.49276852258185,618.6024703076971
2020-03-29 00:00:00,257.86442046373736,610.5932991863287
2020-03-30 00:00:00,270.6489099964138,616.659395207847
2020-03-31 00:00:00,271.78948943011665,633.7173399069566
2020-04-01 00:00:00,274.4822260639328,628.330635764253
2020-04-02 00:00:00,280.1291106509904,607.3003146097557
2020-04-03 00:00:00,280.653343806394,613.3008023083593
2020-04-04 00:00:00,284.2902750838563,617.2947386000219
2020-04-05 00:00:00,282.19601013224656,604.2835303702732
2020-04-06 00:00:00,305.9165284573814,599.5548318374251
2020-04-07 00:00:00,303.3254952605033,611.581406404629
2020-04-08 00:00:00,312.47405549551377,605.6725290083888
2020-04-09 00:00:00,311.0839361304655,607.6023887003779
2020-04-10 00:00:00,293.77672081259254,586.4755523041464
2020-04-11 00:00:00,293.7480927576469,602.209972408804
2020-04-12 00:00:00,297.21525203977836,614.6328112019655
2020-04-13 00:00:00,291.38819815179215,810.4308143343146
2020-04-14 00:00:00,290.6949438839385,804.0934474143326
2020-04-15 00:00:00,284.2123440591203,798.1477782006476
2020-04-16 00:00:00,302.6748702406901,811.4700095831492
2020-04-18 00:00:00,312.85337867265173,680.3890109698565
2020-04-19 00:00:00,307.18165741257536,690.5530771035789
2020-04-20 00:00:00,296.25043667806807,692.9454631229621
2020-04-21 00:00:00,297.06316600133357,736.0976668740442
2020-04-22 00:00:00,304.57378840144474,764.0831083045013
2020-04-23 00:00:00,310.6019958828471,721.8632671670906
2020-04-24 00:00:00,317.0089066097419,724.0188779622889
2020-04-25 00:00:00,319.38722625658886,736.6358781452391
2020-04-26 00:00:00,321.1624928421601,727.316969650812
2020-04-27 00:00:00,322.7559009447508,705.6574632060427
2020-04-28 00:00:00,331.0920203104062,706.929020453842
2020-04-29 00:00:00,353.9414154579184,719.9692957571189
2020-04-30 00:00:00,341.4105506886614,721.7794296840077
2020-05-01 00:00:00,349.0758147766973,735.6259287922961
2020-05-02 00:00:00,354.00897722550593,750.4652864933245
2020-05-03 00:00:00,348.7213436513257,738.0468956684025
2020-05-04 00:00:00,346.8186746595028,741.6609326306964
2020-05-05 00:00:00,344.89922778710314,775.5444029114815
2020-05-06 00:00:00,345.5605976137695,760.3132438180987
2020-05-07 00:00:00,355.69664919556885,771.3944200311133
2020-05-08 00:00:00,356.34099679079475,758.9668467785526
2020-05-09 00:00:00,352.29567832577715,761.9862292356778
2020-05-10 00:00:00,324.8266182025518,748.8636789923937
2020-05-11 00:00:00,320.2074926403003,721.1584821169669
2020-05-12 00:00:00,324.8513708859167,729.8503476158246
2020-05-13 00:00:00,334.48592491230585,726.8340957489769
2020-05-14 00:00:00,340.8070157987811,726.6372587910851
2020-05-15 00:00:00,332.7163686850863,723.836517727316
2020-05-16 00:00:00,335.4971941584799,728.3364145241653
2020-05-17 00:00:00,340.93461531632107,726.5367455849212
2020-05-18 00:00:00,347.50296928110464,729.4310587757637
2020-05-19 00:00:00,346.6943637128577,734.4673835364274
2020-05-20 00:00:00,341.7002999582459,730.4356100354051
2020-05-21 00:00:00,331.1092665860405,774.4162216583437
2020-05-22 00:00:00,338.18391924827773,784.1843614624304
2020-05-23 00:00:00,338.3290506035799,830.411065001974
2020-05-24 00:00:00,329.3012313463902,903.2337715431352
2020-05-25 00:00:00,332.6836872302605,884.6066317236184
2020-05-26 00:00:00,328.7682399397183,864.0381754365793
2020-05-27 00:00:00,337.5722640652613,865.290811995375
2020-05-28 00:00:00,345.74244523862706,872.2936090820982
2020-05-29 00:00:00,344.58954903427264,874.101018236116
2020-05-30 00:00:00,360.25212945560156,898.2933140768507
2020-05-31 00:00:00,350.81489597340874,888.5719733810943
2020-06-01 00:00:00,367.57218988106575,905.5736385831955
2020-06-02 00:00:00,353.8096935488205,918.7717707049122
2020-06-03 00:00:00,359.2432304412845,918.9063376433758
2020-06-04 00:00:00,361.739666298748,915.7713316253487
2020-06-05 00:00:00,358.62943700349217,899.4344978184978
2020-06-06 00:00:00,357.6626858858297,898.8052360057648
2020-06-07 00:00:00,359.6746304561557,900.5541564272507
2020-06-08 00:00:00,359.85491692386717,896.8975575673948
2020-06-09 00:00:00,358.47285151972363,916.4363347273611
2020-06-10 00:00:00,360.8922036803753,953.2401542449612
2020-06-11 00:00:00,342.79848315730004,902.463325572759
2020-06-12 00:00:00,349.2797976761698,935.3338797533787
2020-06-13 00:00:00,349.69678305260874,933.1255245427258
2020-06-14 00:00:00,345.7694996568989,919.2714193622998
2020-06-15 00:00:00,345.0378939127818,940.4762572642319
2020-06-16 00:00:00,346.20545073092563,936.771498729365
2020-06-17 00:00:00,346.3966834074704,929.4687245686321
2020-06-18 00:00:00,344.10176681948604,924.7068367886449
2020-06-19 00:00:00,338.26984110245525,957.0429282369655
2020-06-20 00:00:00,341.2496201101177,956.0299196628237
2020-06-21 00:00:00,339.66960101214534,1000.35908214111
2020-06-22 00:00:00,349.04953359725863,967.578413115896
2020-06-23 00:00:00,349.50030240658344,954.662387851023
2020-06-24 00:00:00,340.87328547502244,959.8958491963745
2020-06-25 00:00:00,338.9789404524083,957.2435590889708
2020-06-26 00:00:00,338.0762055435963,946.4363177234184
2020-06-27 00:00:00,330.66808255715983,941.8757069039208
2020-06-28 00:00:00,332.0743504516464,948.941260853586
2020-06-29 00:00:00,334.03176887327953,961.5061338302642
2020-06-30 00:00:00,331.56252116829677,957.5876688363312
2020-07-01 00:00:00,334.52106303714635,952.2043224230104
2020-07-02 00:00:00,333.96659880366343,950.8752063754972
2020-07-03 00:00:00,330.67701825699453,991.5202559285609
2020-07-04 00:00:00,334.19142508281203,977.9436556745986
2020-07-05 00:00:00,332.09874272523365,978.3115430818378
2020-07-06 00:00:00,346.5448090143192,976.4052420440411
2020-07-07 00:00:00,342.45745325518817,1003.3765823536404
2020-07-08 00:00:00,356.335462377842,1070.4409985942546
2020-07-09 00:00:00,352.7060909570913,1044.000760375003
2020-07-10 00:00:00,349.96397332469155,997.2143834245758
2020-07-11 00:00:00,350.883451414446,991.0686399075717
2020-07-12 00:00:00,351.47780072336076,995.0631569968007
2020-07-13 00:00:00,348.74337451819815,999.2238608941568
2020-07-14 00:00:00,348.7782051849513,1044.8775874969665
2020-07-15 00:00:00,346.47650597865913,1065.0052113438992
2020-07-16 00:00:00,341.5989302264371,1023.7726259687518
2020-07-17 00:00:00,341.3464193515513,1056.6060276284775
2020-07-18 00:00:00,344.75614854749386,1054.5712946906783
2020-07-19 00:00:00,345.9415902849679,1038.496114032028
2020-07-20 00:00:00,342.9055735265499,1019.4473472407159
2020-07-21 00:00:00,350.9983027376077,1022.3247770923311
2020-07-22 00:00:00,360.84541634491984,1041.206952548227
2020-07-23 00:00:00,365.8789385699682,1045.1747790715294
2020-07-24 00:00:00,364.47329594546545,1069.4804086275078
2020-07-25 00:00:00,383.1797836798392,1095.7731726595784
2020-07-26 00:00:00,385.47394719911836,1102.4767559316874
2020-07-27 00:00:00,408.1561096092009,1113.539650470305
2020-07-28 00:00:00,412.78118019917434,1103.522784071971
2020-07-29 00:00:00,418.73747200912607,1092.254311865266
2020-07-30 00:00:00,425.80060563851043,1092.0271448652004
2020-07-31 00:00:00,437.11869177755506,1098.2043467324124
2020-08-01 00:00:00,465.5503811320556,1086.9279228764335
2020-08-02 00:00:00,448.6673093085434,1083.5602646182656
2020-08-03 00:00:00,464.38113516386767,1084.4227584338835
2020-08-04 00:00:00,460.496266521666,1094.9026607042758
2020-08-05 00:00:00,471.18791850010354,1092.7984141570853
2020-08-06 00:00:00,469.95146636685644,1121.7299579786122
2020-08-07 00:00:00,459.2935317453178,1102.6114595158679
2020-08-08 00:00:00,464.97723208224846,1182.880038704266
2020-08-09 00:00:00,460.6782467955388,1234.9882848856448
2020-08-10 00:00:00,466.97543118425375,1321.3645378074996
2020-08-11 00:00:00,450.3987131839949,1251.2799416932573
2020-08-12 00:00:00,456.3175909914709,1272.576948719386
2020-08-13 00:00:00,475.99592495944006,1274.734335108025
2020-08-14 00:00:00,475.19466365051653,1279.2666717157063
2020-08-15 00:00:00,480.19058808139965,1275.479025793234
2020-08-16 00:00:00,488.06285603514004,1296.2844255539217
2020-08-17 00:00:00,498.4233080625744,1306.8025130083547
2020-08-18 00:00:00,489.3212872351174,1288.4413463578942
2020-08-19 00:00:00,473.93968968941,1296.1673562333467
2020-08-20 00:00:00,479.27593649245523,1331.9467207099644
2020-08-21 00:00:00,461.7211836020048,1300.6355074235423
2020-08-22 00:00:00,467.0734898494852,1294.967113427006
2020-08-23 00:00:00,466.122269577201,1292.8030691277866
2020-08-24 00:00:00,474.6316294320628,1303.9882974527452
2020-08-25 00:00:00,456.5325019566796,1315.0750744603267
2020-08-26 00:00:00,457.5638633894635,1305.4522303323636
2020-08-27 00:00:00,447.46007037763735,1269.6989515625119
2020-08-28 00:00:00,456.9203067367255,1306.7727239792334
2020-08-29 00:00:00,458.367681834818,1320.9683579087234
2020-08-30 00:00:00,477.9197304314815,1354.3467966400124
2020-08-31 00:00:00,476.4693219039122,1445.4028808224664
2020-09-01 00:00:00,495.56768713387606,1458.8827922593346
2020-09-02 00:00:00,469.0743115734807,1459.9404776153494
2020-09-03 00:00:00,421.4076290248414,1352.491729436964
2020-09-04 00:00:00,432.1961649677192,1328.6951921004097
2020-09-05 00:00:00,405.97417693202937,1297.7447834226543
2020-09-06 00:00:00,413.29107470155606,1297.6510544316734
2020-09-07 00:00:00,415.3856004169921,1295.3661067950652
2020-09-08 00:00:00,405.7475444836795,1301.1387788470931
2020-09-09 00:00:00,411.8284933070009,1298.632648592609
2020-09-10 00:00:00,419.48938790051056,1341.5842801242022
2020-09-11 00:00:00,421.863280747871,1344.9829731223392
2020-09-12 00:00:00,429.5293193868964,1358.9478348683338
2020-09-13 00:00:00,416.8449292151874,1334.1690116925597
2020-09-14 00:00:00,425.90642319935677,1330.0546561038866
2020-09-15 00:00:00,422.05669109578184,1290.196168945489
2020-09-16 00:00:00,424.34067609954724,1281.309778839155
2020-09-17 00:00:00,432.55106839639865,1278.4841397241528
2020-09-18 00:00:00,430.03270090531555,1268.8592773373584
2020-09-19 00:00:00,432.41594706986336,1274.5511148568623
2020-09-20 00:00:00,423.4944328823575,1275.9088097435972
2020-09-21 00:00:00,401.49382484981624,1244.391050285485
2020-09-22 00:00:00,405.1509981319463,1265.7699017072791
2020-09-23 00:00:00,390.4030645948093,1252.3049116459204
2020-09-24 00:00:00,408.8405335364624,1314.7784800618765
2020-09-25 00:00:00,414.1782636237772,1303.440582652623
2020-09-26 00:00:00,415.65876921878225,1289.3379634802925
2020-09-27 00:00:00,416.2716896670302,1294.631475806262
2020-09-28 00:00:00,413.73908862210584,1271.1066556596704
2020-09-29 00:00:00,416.92099195397293,1290.3440412362108
2020-09-30 00:00:00,417.36402973579106,1303.1693579614391
2020-10-01 00:00:00,412.9388685647223,1286.8493185405634
2020-10-02 00:00:00,407.47354673442067,1284.1165415108155
2020-10-03 00:00:00,408.5349252582004,1300.5435769524895
2020-10-04 00:00:00,417.96614794142914,1322.1144289611052
2020-10-05 00:00:00,419.28760690501974,1313.147396684827
2020-10-06 00:00:00,412.4433504322061,1274.1035360240433
2020-10-07 00:00:00,415.31245498199894,1277.1711125279592
2020-10-08 00:00:00,421.40306169653996,1282.8746763619167
2020-10-09 00:00:00,421.40306169653996,1282.8746763619167
2020-10-10 00:00:00,432.79318775129525,1301.9693302938886
2020-10-11 00:00:00,438.1104634546658,1304.439404798278
2020-10-12 00:00:00,438.1104634546658,1304.439404798278
2020-10-13 00:00:00,438.1104634546658,1304.439404798278
2020-10-14 00:00:00,435.82616489842945,1304.0494556829703
2020-10-15 00:00:00,433.9923054341731,1294.4990977809828
2020-10-16 00:00:00,425.0349697960186,1269.8045177875902
2020-10-17 00:00:00,424.9188038617065,1269.037003910669
2020-10-18 00:00:00,429.49740141760486,1263.7625201518454
2020-10-19 00:00:00,434.02006635016494,1257.082531453883
2020-10-20 00:00:00,430.1179124711294,1244.5486998417039
2020-10-21 00:00:00,455.91294081437843,1249.8521174055222
2020-10-22 00:00:00,465.85640346518284,1266.186901589737
2020-10-23 00:00:00,465.63536213435884,1272.424111207818
2020-10-24 00:00:00,474.6110478770248,1296.8466190641004
2020-10-25 00:00:00,470.73330928205434,1349.1525634758668
2020-10-26 00:00:00,463.43885801389166,1323.6254566149719
2020-10-27 00:00:00,473.17138388174544,1318.0745451771847
2020-10-28 00:00:00,460.90752485269076,1319.9818626649514
2020-10-29 00:00:00,458.6563955783366,1318.1860971669614
2020-10-30 00:00:00,455.7845210135947,1334.4372360258624
2020-10-31 00:00:00,461.38149338447965,1320.9301926782427
2020-11-01 00:00:00,463.45168701776913,1366.9623340430378
2020-11-02 00:00:00,454.47546851373994,1354.7746984246667
2020-11-03 00:00:00,459.79693650997604,1346.8457308252441
2020-11-04 00:00:00,465.0057301648519,1326.1730286361237
2020-11-05 00:00:00,487.47234602568375,1333.0389747832287
2020-11-06 00:00:00,509.36815434442576,1352.9782548498674
2020-11-07 00:00:00,490.5207882019853,1341.7903187586207
2020-11-08 00:00:00,503.62076195995814,1379.9314987183595
2020-11-09 00:00:00,496.50184217467154,1364.9211172883226
2020-11-10 00:00:00,496.8821708758095,1375.6820567092118
2020-11-11 00:00:00,505.5697540755157,1350.059415021009
2020-11-12 00:00:00,509.70721973292166,1338.3503013002182
2020-11-13 00:00:00,525.6753981210177,1340.3644683159937
2020-11-14 00:00:00,519.400028365388,1321.4497127650834
2020-11-15 00:00:00,513.9366184070308,1312.937184766915
2020-11-16 00:00:00,542.6381529719112,1325.9497911791782
2020-11-17 00:00:00,566.8421607915054,1348.8769547531633
2020-11-18 00:00:00,561.311182782538,1382.0181554754183
2020-11-19 00:00:00,575.4088846195134,1399.9823416406216
2020-11-20 00:00:00,600.3369414505632,1446.1884400141262
2020-11-21 00:00:00,662.8893019517261,1466.7187801622968
2020-11-22 00:00:00,653.1456855850797,1454.3355005157491
2020-11-23 00:00:00,725.1521662566629,1570.6651565144475
2020-11-24 00:00:00,748.6197098695767,1557.1828087554177
2020-11-25 00:00:00,712.937700803158,1547.346716049937
2020-11-26 00:00:00,646.047101029467,1439.1809499723852
2020-11-27 00:00:00,648.482833280189,1438.369873597882
2020-11-28 00:00:00,680.355288004367,1439.757907930066
2020-11-29 00:00:00,701.3928634915808,1443.1017678528824
2020-11-30 00:00:00,750.2267847960089,1463.0691655481683
2020-12-01 00:00:00,722.0854540937358,1449.6830338706307
2020-12-02 00:00:00,737.541479293205,1460.5493715980028
2020-12-03 00:00:00,744.7433464935924,1459.80173106928
2020-12-04 00:00:00,694.8160212639493,1379.4587707811436
2020-12-05 00:00:00,717.0440161619575,1413.9627750932468
2020-12-06 00:00:00,729.2921196356366,1403.1133218185485
2020-12-07 00:00:00,723.1546756163104,1403.4578607209266
2020-12-08 00:00:00,683.6335854527073,1412.4908936896356
2020-12-09 00:00:00,697.2960251370797,1436.5452799882344
2020-12-10 00:00:00,684.5578477845826,1411.1002041628408
2020-12-11 00:00:00,668.3026794081915,1393.8135760318785
2020-12-12 00:00:00,678.1537690735468,1420.17442566412
2020-12-13 00:00:00,696.2762631981501,1422.1384834953665
2020-12-14 00:00:00,693.0408838759022,1443.5366168744204
2020-12-15 00:00:00,685.7778069524753,1506.3774455019302
2020-12-16 00:00:00,757.9958901363163,1503.4064545554515
2020-12-17 00:00:00,785.6938555050984,1519.1346684446091
2020-12-18 00:00:00,806.2528947867479,1543.777541891379
2020-12-19 00:00:00,827.4593073237858,1585.793745104541
2020-12-20 00:00:00,804.6318500950226,1546.4891912465744
2020-12-21 00:00:00,767.9835717228796,1515.4187950439768
2020-12-22 00:00:00,773.1991718431609,1525.0271146904688
2020-12-23 00:00:00,675.5841457842763,1531.0012133079006
2020-12-24 00:00:00,739.3110060902967,1581.5923748614666
2020-12-25 00:00:00,760.5106282291626,1628.2826769886117
2020-12-26 00:00:00,765.2582664597803,1780.7771286812847
2020-12-27 00:00:00,767.2697050632988,1737.0252358973364
2020-12-28 00:00:00,766.740956876283,1809.9122132069756
2020-12-29 00:00:00,750.6606584362166,1842.8646113517843
2020-12-30 00:00:00,757.4399543638224,1821.3358502284134
2020-12-31 00:00:00,755.6947298937772,1873.1637818125005
2021-01-01 00:00:00,770.2763734675558,1846.4656032689857
2021-01-02 00:00:00,796.6614582698322,1925.4641838511695
2021-01-03 00:00:00,871.2976792503305,1944.3488653164043
2021-01-04 00:00:00,880.9857224627498,1918.7368192047566
2021-01-05 00:00:00,899.5311473545453,1965.4438858764029
2021-01-06 00:00:00,962.8950709348213,1946.9973874613604
2021-01-07 00:00:00,1037.2906734150658,1978.9774594266885
2021-01-08 00:00:00,1047.2007483613427,2010.647742141794
2021-01-09 00:00:00,1062.221649701007,1988.9244390146978
2021-01-10 00:00:00,1035.305323914046,1975.502758771147
2021-01-11 00:00:00,934.3893099066383,1940.7970106448013
2021-01-12 00:00:00,910.9155413613615,1940.4914661329258
2021-01-13 00:00:00,973.011986061568,1950.6817926180624
2021-01-14 00:00:00,997.3566750108375,2004.025640080982
2021-01-15 00:00:00,957.4367075438456,2046.3546880626022
2021-01-16 00:00:00,964.1091515605837,2061.2974799320828
2021-01-17 00:00:00,957.1816483105646,2060.547080474041
2021-01-18 00:00:00,984.1131108670857,2075.335170662851
2021-01-19 00:00:00,1008.1534004622774,2079.2431643196023
2021-01-20 00:00:00,1002.8528441146177,2168.795363960569
2021-01-21 00:00:00,893.0478379201143,1948.1123790887384
2021-01-22 00:00:00,936.6350851425931,1973.009794013215
2021-01-23 00:00:00,930.3083080748697,1955.9457343537827
2021-01-24 00:00:00,962.2209631668127,1945.9832172074002
2021-01-25 00:00:00,944.5138188740732,1917.989806725422
2021-01-26 00:00:00,946.6873135937531,1907.6324133009077
2021-01-27 00:00:00,891.420386895424,1864.6202638287918
2021-01-28 00:00:00,919.6750591033012,1920.937152887645
2021-01-29 00:00:00,971.0620180723419,2140.8638808046167
2021-01-30 00:00:00,1076.5041259456711,2072.564905122235
2021-01-31 00:00:00,1078.8738115641095,2165.1068178146397
2021-02-01 00:00:00,1041.4815194742537,2191.350443793413
2021-02-02 00:00:00,1091.5425895309895,2256.4431944409516
2021-02-03 00:00:00,1158.9021123538698,2223.197281098191
2021-02-04 00:00:00,1161.8547276232064,2380.518001283166
2021-02-05 00:00:00,1204.824407540914,2557.9675069405434
2021-02-06 00:00:00,1201.9086753702393,2560.362945459027
2021-02-07 00:00:00,1171.9602010316992,2710.880323659276
2021-02-08 00:00:00,1276.700966576431,3197.781999835035
2021-02-09 00:00:00,1318.051244132854,3336.3942638234357
2021-02-10 00:00:00,1323.159857057107,3356.947498224035
2021-02-11 00:00:00,1361.2798952882051,3202.5483569590806
2021-02-12 00:00:00,1430.7302746808114,3227.2528470948473
2021-02-13 00:00:00,1475.1722628624161,3245.2090129364215
2021-02-14 00:00:00,1452.0651121217797,3192.9343008755786
2021-02-15 00:00:00,1411.9779235542785,3198.058457972165
2021-02-16 00:00:00,1409.0705296876906,3233.6399775301948
2021-02-17 00:00:00,1479.9378217691512,3366.3380655910173
2021-02-18 00:00:00,1477.0848655396048,3481.8676136984054
2021-02-19 00:00:00,1536.6175897320638,3688.693270160406
2021-02-20 00:00:00,1492.7767671477443,3573.7843392804934
2021-02-21 00:00:00,1520.4225017459123,3672.2002154000447
2021-02-22 00:00:00,1465.8684219639922,3671.339262008233
2021-02-23 00:00:00,1307.6320332193206,3476.962676039436
2021-02-24 00:00:00,1327.5412950364114,3501.593127096238
2021-02-25 00:00:00,1264.1840587603228,3437.976257171615
2021-02-26 00:00:00,1239.1405177748243,3446.439077020841
2021-02-27 00:00:00,1249.228624824367,3413.9506659258977
2021-02-28 00:00:00,1212.8051991266382,3356.1582233637346
2021-03-01 00:00:00,1296.0435123167701,3443.10680519474
2021-03-02 00:00:00,1275.58371893202,3488.4442650870815
2021-03-03 00:00:00,1324.1738932980963,3515.262822395822
2021-03-04 00:00:00,1318.9230280928568,3695.0747961216402
2021-03-05 00:00:00,1303.7323705356907,3772.9098239546283
2021-03-06 00:00:00,1331.319090598556,3738.924185956883
2021-03-07 00:00:00,1367.1758979104975,3666.310552177117
2021-03-08 00:00:00,1396.0811651664008,3747.9767755044454
2021-03-09 00:00:00,1439.3343998857085,3803.171181920099
2021-03-10 00:00:00,1416.967701280343,3899.223371596817
2021-03-11 00:00:00,1425.1235803225325,4150.356589377415
2021-03-12 00:00:00,1434.5660832977223,4259.610707820498
2021-03-13 00:00:00,1498.391829803227,4197.838334556623
2021-03-14 00:00:00,1451.432801996891,4536.563232366045
2021-03-15 00:00:00,1403.2324244818637,4517.0836200252315
2021-03-16 00:00:00,1425.7933851266778,4450.6304824300205
2021-03-17 00:00:00,1451.6691284404785,4475.379301798832
2021-03-18 00:00:00,1433.2664305319709,4634.853765268339
2021-03-19 00:00:00,1441.4549303545707,4905.866608970124
2021-03-20 00:00:00,1474.1700360868426,4886.291351289203
2021-03-21 00:00:00,1455.4909800151795,5511.6893439130845
2021-03-22 00:00:00,1427.7246853296253,5325.497855442818
2021-03-23 00:00:00,1430.4432806814716,5424.91929005105
2021-03-24 00:00:00,1355.9829210306334,5255.011924705859
2021-03-25 00:00:00,1359.6258201551166,5306.213469253867
2021-03-26 00:00:00,1439.7236917454625,5302.224508924257
2021-03-27 00:00:00,1438.6473863680553,5281.094315570866
2021-03-28 00:00:00,1434.7900775915405,5212.977851245646
2021-03-29 00:00:00,1489.1158074257542,5249.416516423933
2021-03-30 00:00:00,1502.6374111454536,5243.803391790024
2021-03-31 00:00:00,1519.1198077340298,5400.644883342036
2021-04-01 00:00:00,1542.5429260651833,5395.930568355132
2021-04-02 00:00:00,1603.6066884205084,5401.185080638488
2021-04-03 00:00:00,1540.0846413468366,5321.647049495288
2021-04-04 00:00:00,1596.0461997238415,5561.4587118890295
2021-04-05 00:00:00,1760.6717195189976,5585.217793501035
2021-04-06 00:00:00,1851.4518342572796,5665.405487726969
2021-04-07 00:00:00,1723.3519543639313,5413.032486223376
2021-04-08 00:00:00,1819.9906872120507,5588.679572667907
2021-04-09 00:00:00,1797.6880527296157,5523.605242990151
2021-04-10 00:00:00,1997.331176835741,5685.80913961879
2021-04-11 00:00:00,1997.6859259979208,5801.5171165855645
2021-04-12 00:00:00,2008.4205255159031,6153.472699274553
2021-04-13 00:00:00,2188.611748320408,6434.234680299237
2021-04-14 00:00:00,2244.7564379013497,6267.996491178655
2021-04-15 00:00:00,2254.4994770477333,6485.037511402892
2021-04-16 00:00:00,2211.709399801542,6873.35037760251
2021-04-17 00:00:00,2185.9258380708093,6649.819748356795
2021-04-18 00:00:00,2040.1195977867535,6680.4990786120015
2021-04-19 00:00:00,1980.413745540648,6532.345480743905
2021-04-20 00:00:00,2034.835092791555,6441.698564108067
2021-04-21 00:00:00,1993.4989031419952,6682.541310406471
2021-04-22 00:00:00,1933.348014155895,6825.066706794284
2021-04-23 00:00:00,1907.3753644064834,7446.434794180795
2021-04-24 00:00:00,1809.4040365704977,7260.698341925245
2021-04-25 00:00:00,1811.3213599059109,6766.1533553412555
2021-04-26 00:00:00,2039.1317791170484,6745.6382061937575
2021-04-27 00:00:00,2097.290460443339,6909.798064197472
2021-04-28 00:00:00,2094.318834433168,6816.500266630061
2021-04-29 00:00:00,2094.0190038966825,6976.887109507955
2021-04-30 00:00:00,2212.4120402518324,6981.702251456568
2021-05-01 00:00:00,2266.352787129055,7021.602989554495
2021-05-02 00:00:00,2221.008342581911,6995.71691044108
2021-05-03 00:00:00,2337.93564273232,7139.215607675073
2021-05-04 00:00:00,2251.1688674148436,7302.607576795789
2021-05-05 00:00:00,2467.9611406319486,7764.781865098786
2021-05-06 00:00:00,2447.0424339235865,8151.67680213566
2021-05-07 00:00:00,2438.7055919704185,8216.177973106529
2021-05-08 00:00:00,2503.7198493823976,8499.01051098896
2021-05-09 00:00:00,2551.4012946755215,8327.89904675606
2021-05-10 00:00:00,2449.264318577977,8243.977779611107
2021-05-11 00:00:00,2539.303298893678,8083.578832731928
2021-05-12 00:00:00,2246.0407998017354,7917.0748686508605
2021-05-13 00:00:00,2303.229526516271,8060.8724878828925
2021-05-14 00:00:00,2378.3898143769165,8012.427275158709
2021-05-15 00:00:00,2286.6927537784622,7815.356226724171
2021-05-16 00:00:00,2262.3847618500063,8004.349305300758
2021-05-17 00:00:00,2186.344419919228,8105.231318420385
2021-05-18 00:00:00,2240.9698405123563,8557.929721375187
2021-05-19 00:00:00,1751.2660463981579,7501.257403111471
2021-05-20 00:00:00,1912.95678556564,7502.11435781038
2021-05-21 00:00:00,1716.3023703109693,7485.48999968403
2021-05-22 00:00:00,1644.759478080268,7433.822551356416
2021-05-23 00:00:00,1503.6402879467673,7312.459204904763
2021-05-24 00:00:00,1772.4382893485717,7312.674234977739
2021-05-25 00:00:00,1771.0948208981424,7326.550951946173
2021-05-26 00:00:00,1854.6043477488001,7446.425735845731
2021-05-27 00:00:00,1792.536439863619,7312.233687992013
2021-05-28 00:00:00,1670.0986650705677,7147.139516717263
